Member,Party,Home State,District,Meeting Type,Date,Time,Location,Address
Gary Palmer,Republican,Alabama,AL-06,Town Hall,"Sat, Feb 25, 2017","9:00 AM, EST",Hoover City Hall,"100 Municipal Dr, Hoover, AL 35216"
Ruben Gallego,Democrat,Arizona,AZ-07,Town Hall,"Wed, Feb 22, 2017","6:30 PM, MST",Desert West Community Center,"6501 W Virginia Ave, Phoenix, AZ 85035"
Paul Gosar,Republican,Arizona,AZ-4,Town Hall,"Thu, Feb 23, 2017","6:00 PM, MST",Best Western Hotel,"8333 E Sunrise Sky Dr, Gold Canyon, AZ 85118"
Martha McSally,Republican,Arizona,AZ-2,Town Hall,"Thu, Feb 23, 2017","5:30 PM, MST",St Francis in the Foothills United Methodist Church,"4625 E River Rd, Tucson, AZ 85718"
Paul Gosar,Republican,Arizona,AZ-04,Ticketed Event,"Sat, Mar 11, 2017","6:00 PM, MST",Mazatzal Casino,"Highway 87, Mile Marker 251, Payson, AZ 85541"
Tom Cotton,Republican,Arkansas,Senate,Town Hall,"Wed, Feb 22, 2017","5:00 PM, CST",Arend Arts Center,"1901 SE J St, Bentonville, AR 72712"
Ro Khanna,Democratic,California,CA-17,Town Hall,"Wed, Feb 22, 2017","7:30 PM, PST",Ohlone College,"43600 Mission Blvd, Fremont, CA 94539"
Mark DeSaulnier,Democratic,California,CA-11,Town Hall,"Wed, Feb 22, 2017","6:30 PM, PST",,"935 Detroit Ave, Concord, CA 94518"
Tom McClintock,Republican,California,CA-04,Town Hall,"Wed, Feb 22, 2017","6:00 PM, PST",Sonora High School Auditorium,"430 N Washington St, Sonora, CA 95370"
Ro Khanna,Democrat,California,CA-17,Town Hall,"Wed, Feb 22, 2017","7:30 PM, PST",Ohlone College,"43600 Mission Blvd #7101, Fremont, CA 94539"
Salud Carbajal,Democrat,California,CA-24,Town Hall,"Wed, Feb 22, 2017","6:00 PM, PST",Lucia Mar Unified School District Building,"602 Orchard St, Arroyo Grande, CA 93420"
Mark DeSaulnier,Democratic,California,CA-11,Town Hall,"Thu, Feb 23, 2017","6:30 PM, PST",Diablo Valley College,"321 Golf Club Rd, Pleasant Hill, CA 94523"
Susan Davis,Democrat,California,CA-53,Other,"Thu, Feb 23, 2017","8:30 AM, PST",Parma Payne Goodall Alumni Center at San Diego State University,"5250 55th St, San Diego, CA 92115"
Mark DeSaulnier,Democrat,California,CA-11,Town Hall,"Thu, Feb 23, 2017","6:30 PM, PST",Cafeteria at Diablo Valley College,"321 Golf Club Rd, Pleasant Hill, CA 94523"
Brad Sherman,Democratic,California,CA-30,Open House,"Fri, Feb 24, 2017","3:30 PM, PST",District Office,"6150 Van Nuys Blvd #306, Van Nuys, CA 91401"
Adam Schiff,Democratic,California,CA-28,Town Hall,"Fri, Feb 24, 2017","7:00 PM, PST",Glendale Community College,"1500 N Verdugo Rd, Glendale, CA 91208"
Adam Schiff,Democrat,California,CA-28,Town Hall,"Fri, Feb 24, 2017","7:00 PM, PST",Glendale Community College - Mainstage Theatre/Auditorium,"1500 N Verdugo Rd, Glendale, CA 91208"
Mike Thompson,Democratic,California,CA-05,Town Hall,"Sat, Feb 25, 2017","9:00 AM, PST",Piner High School,"1700 Fulton Rd, Santa Rosa, CA 95403"
Anna Eshoo,Democratic,California,CA-18,Town Hall,"Sat, Mar 4, 2017","10:00 AM, PST",Campbell Heritage Theater,"1 W Campbell Ave, Campbell, CA 95008"
Pete Aguilar,Democratic,California,CA-31,Office Hours,"Tue, Mar 7, 2017","2:00 PM, PST",James L. Brulte Senior Center,"11200 Base Line Rd, Rancho Cucamonga, CA 91701"
Ami Bera,Democratic,California,CA-7,Office Hours,"Tue, Mar 7, 2017","10:00 AM, PST",SPL - Southgate Branch,"6132 66th Ave, Sacramento, CA 95823"
Scott Peters,Democratic,California,CA-52,Town Hall,"Mon, Mar 13, 2017","5:30 PM, PST",TBD,California
Scott Peters,Democrat,California,CA-52,Town Hall,"Mon, Mar 13, 2017","5:15 PM, PST",TBA,"11455 El Camino Real #120, San Diego, CA 92130"
Mike Thompson,Democratic,California,CA-5,Other,"Sat, Apr 1, 2017","6:00 PM, PST",Boatique Winery,"8255 Red Hills Rd, Kelseyville, CA 95451"
Pete Aguilar,Democrat,California,CA-31,Office Hours,"Fri, Apr 7, 2017","2:00 PM, PST",James L. Brulte Senior Center,"11200 Base Line Rd, Rancho Cucamonga, CA 91701"
Mike Thompson,Democratic,California,CA-5,Other,"Sun, Apr 23, 2017","5:00 PM, PST",Dan Foley Cultural Center,"1499 N Camino Alto, Vallejo, CA 94589"
Mike Thompson,Democratic,California,CA-5,Other,"Sun, May 7, 2017","4:30 PM, PST",Wild Oak Saddle Club,"550 White Oak Dr, Santa Rosa, CA 95409"
Barbara Lee,Democratic,California,CA-13,Office Hours,Every first and third Thursday of the month.,"2:00 PM, PST",Fruitvale,"1470 Fruitvale Ave, Oakland, CA 94601"
Barbara Lee,Democratic,California,CA-13,Office Hours,Every first and third Wednesday of the month.,"2:00 PM, PST",Albany Community Center,"1249 Marin Ave, Albany, CA 94706"
Barbara Lee,Democratic,California,CA-13,Office Hours,Every second and fourth Thursday of the month.,"3:00 PM, PST",Alameda - . 2nd Floor Staff Room,"1550 Oak St, Alameda, CA 94501"
Susan Davis,Democratic,California,CA-53,Other,"Wednesday, February 22nd","6:30 PM, PST",Corky McMillin Companies Event Center,"2875 Dewey Rd, San Diego, CA 92106"
Scott Peters,Democratic,California,CA-52,Other,"Wednesday, February 22nd","6:30 PM, PST",Corky McMillin Companies Event Center,"2875 Dewey Rd, San Diego, CA 92106"
Jared Huffman,Democratic,California,CA-02,Tele-Town Hall,,",",Mobile,California
Dianne Feinstein,Democrat,California,Senate,Other,"Fri, Feb 24, 2017","12:00 PM, PST",Bechtel Conference Center at PPIC,"500 Washington St Suite 300, San Francisco, CA 94111"
Nanette Barragan,Democrat,California,CA-44,Town Hall,"Wed, Feb 22, 2017","5:30 PM, PST",Watts Civic Center,"1513 E 103rd St, Los Angeles, CA 90002"
Jackie Speier,Democratic,California,CA-14,Town Hall,"Sat, Feb 25, 2017","10:00 AM, PST",Cabrillo Unified School District Event Center,"530 Kelly Ave, Half Moon Bay, CA 94019"
Ed Perlmutter,Democrat,Colorado,CO-07,Teletown Hall,"Mon, Mar 13, 2017","7:00 PM, MST",,Colorado
Ken Buck,Republican,Colorado,CO-04,Teletown Hall,"Thu, Feb 23, 2017","7:00 PM, MST",,Colorado
Ed Perlmutter,Democrat,Colorado,CO-07,Mobile Office Hours,"Sat, Feb 25, 2017","10:00 AM, MST",Anythink Huron Street Library,"9417 Huron St, Thornton, CO 80260"
Ed Perlmutter,Democrat,Colorado,CO-07,Other,"Fri, Mar 3, 2017","10:00 AM, MST",Margaret Carpenter Recreation Center,"11151 Colorado Blvd, Thornton, CO 80233"
Jared Polis,Democrat,Colorado,CO-02,Town Hall,"Sun, Mar 12, 2017","2:00 PM, MST",TBA,"Northglenn, CO 80233"
Jared Polis,Democrat,Colorado,CO-02,Town Hall,"Sun, Mar 12, 2017","5:00 PM, MST",TBA,"Northglenn, CO 80233"
Jim Himes,Democrat,Connecticut,CT-04,Town Hall,"Wed, Feb 22, 2017","6:30 PM, EST",Bridgeport City Hall,"45 Lyon Terrace, Bridgeport, CT 06604"
Jim Himes,Democrat,Connecticut,CT-04,Town Hall,"Sat, Mar 4, 2017","2:30 PM, EST",UConn Stamford GenRe Auditorium,"1 University Pl, Stamford, CT 06901"
Chris Murphy,Democrat,Connecticut,Senate,Town Hall,"Tue, Feb 21, 2017","7:30 PM, EST",West Hartford Town Hall Auditorium,"50 S Main St, West Hartford, CT 06107"
Chris Murphy,Democrat,Connecticut,Senate,Town Hall,"Tue, Feb 21, 2017","7:30 PM, EST",West Hartford Town Hall Auditorium,"50 S Main St, West Hartford, CT 06107"
Lisa Blunt Rochester,Democratic,Delaware,DE-AL,Other,"Thu, Feb 23, 2017","4:00 PM, EST",Wilmington District Office,"1105 N Market St, Wilmington, DE 19801"
Dennis Ross,Republican,Florida,FL-15,Town Hall,"Tue, Feb 21, 2017","5:30 PM, EST",Clermont City Center,"620 W Montrose St, Clermont, FL 34711"
Marco Rubio,Republican,Florida,Senate,Empty Chair Town Hall,"Wed, Feb 22, 2017","7:00 PM, EST",National Association of Letter Carriers Branch 599,"3003 W Cypress St, Tampa, FL 33609"
Matt Gaetz,Republican,Florida,FL-1,Other,"Thu, Feb 23, 2017","4:30 PM, EST",Milton County Commissioners Building,"6495 Caroline St, Milton, FL 32570"
Matt Gaetz,Republican,Florida,FL-1,Other,"Thu, Feb 23, 2017","7:00 PM, EST",Oops Bowling Alley,"3721 US-90, Pace, FL 32571"
Matt Gaetz,Republican,Florida,FL-1,Other,"Thu, Feb 23, 2017","12:00 PM, EST",Grover T's Restaurant,"5887 US-90, Milton, FL 32571"
Matt Gaetz,Republican,Florida,FL-1,Tele-town Hall,"Thu, Feb 23, 2017","8:00 AM, EST",1330AM WEBY Radio,Florida
Daniel Webster,Republican,Florida,FL-11,Town Hall,"Thu, Feb 23, 2017","2:00 PM, EST",Minneola City Hall,"800 US-27 #101, Minneola, FL 34715"
Daniel Webster,Republican,Florida,FL-11,Other,"Fri, Feb 24, 2017","11:00 AM, EST",Sumter County Annex Buildings,"8015 E County Rd 466 b, The Villages, FL 32162"
Stephanie Murphy,Democrat,Florida,FL-07,Other,"Fri, Feb 24, 2017","10:00 AM, EST",Oviedo Mall Community Room,"1700 Oviedo Mall Boulevard, Oviedo, FL 32765"
Ted Yoho,Republican,Florida,FL-03,Town Hall,"Sat, Mar 4, 2017","10:00 AM, EST",Santa Fe College Fine Arts Hall,"3000 NW 83 St, Gainesville, FL 32606"
Carlos Curbelo,Republican,Florida,FL-26,Tele-town Hall,"Wed, Mar 29, 2017","7:00 PM, EST",Call-in,Florida
Brian Mast,Republican,Florida,FL-18,Town Hall,"Fri, Feb 24, 2017","1:00 PM, EST",Havert L. Fenn Center,"2000 Virginia Ave, Fort Pierce, FL 34982"
Gus Bilirakis,Republican,Florida,FL-12,Town Hall,"Wed, Feb 22, 2017","6:00 PM, EST",Wesley Chapel High School Performing Arts Center,"30651 Wells Rd, Wesley Chapel, FL 33545"
Buddy Carter,Republican,Georgia,GA-01,Town Hall,"Tue, Feb 21, 2017","3:00 PM, EST",Armstrong College Center Auditorium,"13040 Abercorn St, Savannah, GA 31419"
Buddy Carter,Republican,Georgia,GA-01,Town Hall,"Wed, Feb 22, 2017","10:30 AM, EST",Coastal Pines Technical College,"1777 W Cherry St, Jesup, GA 31545"
Buddy Carter,Republican,Georgia,GA-01,Town Hall,"Wed, Feb 22, 2017","2:30 PM, EST",Coastel Pines Technical College,"1701 Carswell Ave, Waycross, GA 31503"
David Perdue,Republican,Georgia,Senate,Office Hours,"Thu, Feb 23, 2017","10:00 AM, EST",Henry County Farm Bureau,"117 Racetrack Rd, McDonough, GA 30253"
Buddy Carter,Republican,Georgia,GA-01,Town Hall,"Thu, Feb 23, 2017","10:00 AM, EST",College of Coastal Georgia,"College Dr, Brunswick, GA 31520"
Buddy Carter,Republican,Georgia,GA-01,Town Hall,"Thu, Feb 23, 2017","2:30 PM, EST",College of Coastal Georgia,"College of Coastal Georgia Camden Center, 8001 Lakes Blvd E, Kingsland, GA 31548"
Hank Johnson,Democratic,Georgia,GA-4,Other,"Fri, Mar 3, 2017","10:00 AM, EST",Georgia Piedmont Technical College,"495 N Indian Creek Dr, Clarkston, GA 30021"
Tulsi Gabbard,Democratic,Hawaii,HI-2,Office Hours,"Fri, Feb 24, 2017","12:00 PM,",Kailua Public Library,"239 Kuulei Rd, Kailua, HI 96734"
Tulsi Gabbard,Democratic,Hawaii,HI-2,Office Hours,"Fri, Feb 24, 2017","12:00 PM,",Kailua Public Library,"239 Kuulei Rd, Kailua, HI 96734"
Tulsi Gabbard,Democrat,Hawaii,HI-01,Office Hours,"Fri, Feb 24, 2017","12:00 PM, HAST",Kailua Public Library,"239 Kuulei Rd, Kailua, HI 96734"
Rodney Davis,Republican,Illinois,IL-13,Mobile Office Hours,"Wed, Feb 22, 2017","11:00 AM, CST",Boys & Girls Club of Central Illinois,"300 S 15th St, Springfield, IL 62703"
Bill Foster,Democrat,Illinois,IL-011,Other,"Wed, Feb 22, 2017","9:00 AM, CST",Aurora Public Library (Eola Branch),"555 S Eola Rd, Aurora, IL 60504"
Danny K. Davis,Democratic,Illinois,IL-07,Town Hall,"Thu, Feb 23, 2017","7:00 PM, CST",Xilin Art Academy,"2356 S Wentworth Ave, Chicago, IL 60616"
Luis Gutierrez,Democrat,Illinois,IL-04,Town Hall,"Mon, Mar 6, 2017","6:30 PM, CST",Logandale Middle School,"3212 W George St, Chicago, IL 60618"
Larry Bucshon,Republican,Indiana,IN-08,Office Hours,"Tue, Apr 4, 2017","1:30 PM, EST",Huntingburg City Hall,"508 E 4th St, Huntingburg, IN 47542"
Larry Bacshon,Republican,Indiana,IN-08,Office Hours,"Tue, Mar 14, 2017","1:30 PM, CST",Tell City City Hall,"700 Main St, Tell City, IN 47586"
Jackie Walorski,Republican,Indiana,IN-2,Office Hours,"Tue, Feb 21, 2017","10:00 AM, EST",Francesville Town Hall,"100 N Brooks St, Francesville, IN 47946"
Peter J. Visclosky,Democratic,Indiana,IN-1,Other,"Wed, Feb 22, 2017","6:00 PM, CST",Valparaiso University Ð Harre Union,"1509 Chapel Dr, Valparaiso, IN 46383"
Jackie Walorski,Republican,Indiana,IN-2,Office Hours,"Thu, Feb 23, 2017","9:00 AM, EST","Peru City Hall, Board of Works Room","35 S Broadway, Peru, IN 46970"
Jackie Walorski,Republican,Indiana,IN-2,Office Hours,"Thu, Feb 23, 2017","12:00 PM, EST","Wabash City Hall, Board Room","202 S Wabash St, Wabash, IN 46992"
Andre Carson,Democratic,Indiana,IN-7,Office Hours,"Tue, Feb 28, 2017","11:00 AM, EST",CAFE (Community Alliance of the Far Eastside),"8902 E 38th St, Indianapolis, IN 46226"
Jackie Walorski,Republican,Indiana,IN-2,Office Hours,"Tue, Feb 28, 2017","1:00 PM, EST",Silver Lake Town Hall,"604 N Jefferson St, Silver Lake, IN 46982"
Andre Carson,Democrat,Indiana,IN-07,Office Hours,"Tue, Feb 28, 2017","11:00 AM, EST",CAFE (Community Alliance of the Far Eastside),"8902 E 38th St, Indianapolis, IN 46226"
Larry Bacshon,Republican,Indiana,IN-08,Office Hours,"Thu, Mar 2, 2017","10:00 AM, EST",Petersburg City Hall,"704 Main St, Petersburg, IN 47567"
Larry Bucshon,Republican,Indiana,IN-08,Office Hours,"Tue, Mar 7, 2017","9:30 AM, EST",Clay County Court House,"609 E National Ave, Brazil, IN 47834"
Larry Bucshon,Republican,Indiana,IN-08,Office Hours,"Tue, Mar 7, 2017","1:30 PM, EST",Ferdinand Town Hall,"2065 Main St, Ferdinand, IN 47532"
Larry Bucshon,Republican,Indiana,IN-08,Office Hours,"Tue, Mar 7, 2017","2:00 PM, EST",City Hall,"86 S Main St, Linton, IN 47441"
Larry Bacshon,Republican,Indiana,IN-08,Office Hours,"Thu, Mar 9, 2017","10:00 AM, CST",Mt. Vernon Mayor's Office,"520 Main St, Mt Vernon, IN 47620"
Larry Bucshon,Republican,Indiana,IN-08,Office Hours,"Tue, Mar 14, 2017","10:00 AM, EST",Owen County Court House,"60 S Main St, Spencer, IN 47460"
Larry Bucshon,Republican,Indiana,IN-08,Office Hours,"Wed, Mar 15, 2017","1:00 PM, EST","Washington Mayor's Office, City Council Chambers","200 Harned Ave, Washington, IN 47501"
Larry Bucshon,Republican,Indiana,IN-08,Office Hours,"Thu, Mar 16, 2017","10:00 AM, CST",Princeton City Hall,"310 W State St, Princeton, IN 47670"
Larry Bacshon,Republican,Indiana,IN-08,Office Hours,"Thu, Mar 16, 2017","9:30 AM, EST",Courthouse,"100 N Court St, Sullivan, IN 47882"
Larry Bucshon,Republican,Indiana,IN-08,Office Hours,"Tue, Mar 21, 2017","12:30 PM, EST",Parke County Courthouse,"116 W High St, Rockville, IN 47872"
Larry Bacshon,Republican,Indiana,IN-08,Office Hours,"Tue, Mar 21, 2017","1:30 PM, CST",Rockport City Hall,"426 Main St, Rockport, IN 47635"
Larry Bacshon,Republican,Indiana,IN-08,Office Hours,"Tue, Mar 21, 2017","9:30 AM, EST",Clinton City Hall Municipal Building,"259 Vine St, Clinton, IN 47842"
Larry Bucshon,Republican,Indiana,IN-08,Office Hours,"Thu, Mar 23, 2017","11:00 AM, EST","Loogootee Municipal Building, Council Chamber","401 John F Kennedy Ave, Loogootee, IN 47553"
Larry Bacshon,Republican,Indiana,IN-08,Office Hours,"Tue, Mar 28, 2017","1:30 PM, CST",Newburgh Town Hall (Conference Room),"23 W Jennings St, Newburgh, IN 47630"
Andre Carson,Democratic,Indiana,IN-7,Office Hours,"Wed, Mar 29, 2017","3:00 PM, EST",Christamore House Family & Community Center,"502 N Tremont St, Indianapolis, IN 46222"
Andre Carson,Democrat,Indiana,IN-07,Office Hours,"Wed, Mar 29, 2017","3:00 PM, EST",Christamore House Family & Community Center,"502 N Tremont St, Indianapolis, IN 46222"
Larry Bucshon,Republican,Indiana,IN-08,Office Hours,"Tue, Apr 4, 2017","1:30 PM, EST",Huntingburg City Hall,"508 E 4th St, Huntingburg, IN 47542"
Larry Bacshon,Republican,Indiana,IN-08,Office Hours,"Tue, Apr 11, 2017","1:30 PM, CST",Cannelton City Hall,"210 S 8th St #2, Cannelton, IN 47520"
Larry Bucshon,Republican,Indiana,IN-08,Office Hours,"Tue, Apr 25, 2017","3:00 PM, CST",Boonville-Warrick County Public Library (Conference Room),"611 W Main St, Boonville, IN 47601"
Susan W. Brooks,Republican,Indiana,IN-5,Office Hours,Every Thurs,"10:00 AM, EST",Marion City Hall,"301 S Branson St, Marion, IN 46952"
Susan W. Brooks,Republican,Indiana,IN-5,Office Hours,First Tuesday,"1:00 PM, EST",Broad Ripple Fire Station,"6330 Guilford Ave, Indianapolis, IN 46220"
Susan W. Brooks,Republican,Indiana,IN-5,Office Hours,Second and Fourth Tues,"1:00 PM, EST",Zionsville Town Hall,"1100 W Oak St, Zionsville, IN 46077"
Susan W. Brooks,Republican,Indiana,IN-5,Office Hours,Second Tues,"9:00 AM, EST",Fay Biccard Glick Neighborhood Center,"2990 W 71st St, Indianapolis, IN 46268"
Susan W. Brooks,Republican,Indiana,IN-5,Office Hours,Second Wed,"10:00 AM, EST",Greentown Utility Office,"112 N Meridian St, Greentown, IN 46936"
Susan W. Brooks,Republican,Indiana,IN-5,Office Hours,Second Wed,"12:30 PM, EST",Tipton Co. Economic Development Organization,"114 S Main St, Tipton, IN 46072"
Susan W. Brooks,Republican,Indiana,IN-5,Office Hours,Third Wed,"1:00 PM, EST",Hartford City Hall,"700 N Walnut St, Hartford City, IN 47348"
Rod Blum,Republican,Iowa,IA-01,Office Hours,"Wed, Feb 22, 2017","11:00 AM, CST",,"106 N 3rd St, Bellevue, IA 52031"
Rod Blum,Republican,Iowa,IA-01,Office Hours,"Wed, Feb 22, 2017","1:00 PM, CST",,"126 S 2nd St, Maquoketa, IA 52060"
Chuck Grassley,Republican,Iowa,Senate,Town Hall,"Thu, Feb 23, 2017","10:00 AM, CST",Floyd County Courthouse,"101 S Main St, Charles City, IA 50616"
Chuck Grassley,Republican,Iowa,Senate,Town Hall,"Fri, Feb 24, 2017","8:00 AM, CST",Parkersburg Civic Center,"502 3rd St, Parkersburg, IA 50665"
Rod Blum,Republican,Iowa,IA-01,Office Hours,"Fri, Feb 24, 2017","10:00 AM, CST",,"930 Park St, Grinnell, IA 50112"
Rod Blum,Republican,Iowa,IA-01,Office Hours,"Fri, Feb 24, 2017","12:30 PM, CST",,"300 W State St, Williamsburg, IA 52361"
Pat Roberts,Republican,Kansas,Senate,Ticketed event,"Wed, Feb 22, 2017","11:30 PM, CST",Wichita Country Club,"8501 E 13th St N, Wichita, KS 67206"
Mitch McConnell,Republican,Kentucky,Senate,Ticketed event,"Wed, Feb 22, 2017","11:30 AM, EST",Louisville Marriott East,"1903 Embassy Square Blvd, Louisville, KY 40299"
Mitch McConnell,Republican,Kentucky,Senate,Ticketed Event,"Thu, Feb 23, 2017","11:30 AM, EST",Hotel Covington,"638 Madison Ave, Covington, KY 41011"
Mitch McConnell,Republican,Kentucky,Senate,Other,"Thu, Feb 23, 2017","11:30 AM, EST",Hotel Covington,"638 Madison Ave, Covington, KY 41011"
James Comer,Republican,Kentucky,KY-01,Town Hall,"Thu, Feb 23, 2017","2:00 PM, EST",Casey County Judicial Center,"Court House Square, Liberty, KY 42539"
Bill Cassidy,Republican,Louisiana,Senate,Town Hall,"Wed, Feb 22, 2017","3:30 PM, CST",East Jefferson Parish Library,"4747 W Napoleon Ave, Metairie, LA 70001"
Bill Cassidy,Republican,Louisiana,Senate,Town Hall,"Thu, Feb 23, 2017","9:00 AM, CST",Assumption Parrish,Louisiana
Bill Cassidy,Republican,Louisiana,Senate,Town Hall,"Fri, Feb 24, 2017",", CST",St. Martin Parish,Louisiana
Angus King,Independent,Maine,Senate,Coffee,Every Wednesday,"9:00 AM, EST",Hart Senate Office Building,"Hart Senate Office Building, Washington, DC 20002"
John Delaney,Democrat,Maryland,MD-06,Other,"Thu, Mar 2, 2017","6:00 PM, EST",Northern Middle School,"701 Northern Ave, Hagerstown, MD 21742"
John Sarbanes,Democratic,Maryland,MD-3,Office Hours,Every Thursday,"11:00 AM, EST",Praisner Community Recreation Center,"14906 Old Columbia Pike, Burtonsville, MD 20866"
John Sarbanes,Democratic,Maryland,MD-3,Office Hours,Every Tuesday,"11:00 AM, EST",Arundel Center,"44 Calvert St #349, Annapolis, MD 21401"
John Sarbanes,Democratic,Maryland,MD-3,Office Hours,Weekdays,"9:00 AM, EST",,"600 Baltimore Ave #303, Towson, MD 21204"
John Delaney,Democratic,Maryland,MD-08,Other,"Wed, Feb 22, 2017","1:00 PM, EST",The Activity Center at Bohrer Park,"506 S Frederick Ave, Gaithersburg, MD 20877"
Seth Moulton,Democrat,Massachusetts,MA-06,Office Hours,"Wed, Feb 22, 2017","4:30 PM, EST",Council on Aging and Senior Center,"17 Pickering St, Essex, MA 01929"
Ed Markey,Democratic,Massachusetts,Senate,Town Hall,"Thu, Feb 23, 2017","6:00 PM, EST",Smith College - Sweeney Concert Hall,"51 College Ln, Northampton, MA 01060"
Edward Markey,Democrat,Massachusetts,Senate,Town Hall,"Thu, Feb 23, 2017","6:00 PM, EST","Sweeney Concert Hall, Smith College","144 Green St, Northampton, MA 01060"
Jim McGovern,Democratic,Massachusetts,MA-2,Ticketed Event,"Sat, Feb 25, 2017","9:00 AM, EST",The Manor Banquet Facility,"42 W Boylston St, West Boylston, MA 01583"
Jim McGovern,Democrat,Massachusetts,MA-02,Other,"Sat, Feb 25, 2017","9:00 AM, EST",Union Station,"2 Washington Square, Worcester, MA 01604"
Mike Capuano,Democratic,Massachusetts,MA-7,Office Hours,First Monday,"4:00 PM, EST",Everett City Hall,"484 Broadway, Everett, MA 02149"
Mike Capuano,Democratic,Massachusetts,MA-7,Office Hours,First Thursday,"4:00 PM, EST",The Cooperative Bank in Charlestown,"201 Main St, Charlestown, MA 02129"
Mike Capuano,Democratic,Massachusetts,MA-7,Office Hours,First Tuesday,"4:00 PM, EST",Chelsea City Hall,"500 Broadway, Chelsea, MA 02150"
Mike Capuano,Democratic,Massachusetts,MA-7,Office Hours,Fourth Friday,"3:00 PM, EST",Mattapan Health Center,"1575 Blue Hill Avenue, Boston, MA 02126"
Mike Capuano,Democratic,Massachusetts,MA-7,Office Hours,Fourth Thursday,"10:00 AM, EST","Boston Public Library, Adams Village Branch","690 Adams St, Dorchester, MA 02122"
Mike Capuano,Democratic,Massachusetts,MA-7,Office Hours,Fourth Thursday,"10:00 AM, EST","JP Licks, Brigham Circle","1618 Tremont St, Boston, MA 02120"
Mike Capuano,Democratic,Massachusetts,MA-7,Office Hours,Fourth Thursday,"4:00 PM, EST",Somerville City Hall Alderman's Chamber,"93 Highland Ave, Somerville, MA 02143"
Mike Capuano,Democratic,Massachusetts,MA-7,Office Hours,Second Thursday,"12:00 PM, EST",Fenway Community Health Center,"1340 Boylston St, Boston, MA 02215"
Mike Capuano,Democratic,Massachusetts,MA-7,Office Hours,Second Tuesday,"4:00 PM, EST",Maverick Marketplace Business Incubator East Boston Main Streets,"154 Maverick St, Boston, MA 02128"
Mike Capuano,Democratic,Massachusetts,MA-7,Office Hours,Third Friday,"11:00 AM, EST",Veronica Smith Senior Center,"20 Chestnut Hill Ave, Boston, MA 02135"
Mike Capuano,Democratic,Massachusetts,MA-7,Office Hours,Third Thursday,"2:30 PM, EST",Bean and Cream,"680 Truman Pkwy, Hyde Park, MA 02136"
Mike Capuano,Democratic,Massachusetts,MA-7,Office Hours,Third Wednesday,"11:00 AM, EST",Fuller Village Library,"1372 Brush Hill Rd, Milton, MA 02186"
John Moolenaar,Republican,Michigan,MI-04,Office Hours,"Tue, Feb 28, 2017","11:30 AM, EST","Isabella County Building, Room 320","200 N Main St, Mt Pleasant, MI 48858"
Gary Peters,Democratic,Michigan,Senate,Coffee,Every Tues when Senate is in session.,"9:00 AM, EST",Sen. Peters D.C. office,"Hart Senate Office Building, #724, Washington, DC 20002"
Justin Amash,Republican,Michigan,MI-03,Town Hall,"Thu, Feb 23, 2017","12:00 PM, EST",Full Blast Recreation Center,"35 Hamblin Avenue, Battle Creek, MI 49017"
Debbie Dingell,Democrat,Michigan,MI-12,Town Hall,"Tue, Feb 21, 2017","7:00 PM, CST","Annenberg Auditorium, Ford School (Weill Hall), University of Michigan","735 S State St, Ann Arbor, MI 48104"
Bill Huizenga,Republican,Michigan,MI-02,Town Hall,"Sat, Feb 25, 2017","12:00 PM, EST",Baldwin Senior High School,"525 4th St, Baldwin, MI 49304"
Tom Emmer,Republican,Minnesota,MN-6,Town Hall,"Wed, Feb 22, 2017","7:00 PM, CST",Sartell City Hall,"125 Pine Cone Rd N, Sartell, MN 56377"
Tom Emmer,Republican,Minnesota,MN-06,Town Hall,"Wed, Feb 22, 2017","7:00 PM, CST",Sartell City Hall,"125 Pine Cone Rd N, Sartell, MN 56377"
Betty McCollum,Democratic,Minnesota,MN-04,Town Hall,"Thu, Feb 23, 2017","4:00 PM, CST","University of St. Thomas - James Woulfe Alumni Hall, 3rd Floor","2115 Summit Ave, St Paul, MN 55105"
Tim Walz,Democratic,Minnesota,MN-01,Town Hall,"Thu, Feb 23, 2017","5:30 PM, CST",Rochester Community and Technical College - Charles E Theater,"851 30th Ave SE, Rochester, MN 55904"
Tim Walz,Democrat,Minnesota,MN-01,Town Hall,"Thu, Feb 23, 2017","5:30 PM, CST",Rochester Community and Technical College - Charles E. Hill Theater,"851 30th Ave SE, Rochester, MN 55904"
Betty McCollum,Democratic,Minnesota,MN-04,Town Hall,"Fri, Feb 24, 2017","10:00 AM, CST","Hallie Q. Brown Community Center, Canteen Room","270 N Kent St, St Paul, MN 55102"
Betty McCollum,Democrat,Minnesota,MN-04,Office Hours,"Tue, Mar 14, 2017","9:00 AM, CST",Stillwater City Hall,"216 4th St N, Stillwater, MN 55082"
Betty McCollum,Democrat,Minnesota,MN-04,Office Hours,"Tue, Mar 21, 2017","9:00 AM, CST",Woodbury City Hall,"8301 Valley Creek Rd, Woodbury, MN 55125"
Al Franken,Democratic,Minnesota,Senate,Coffee,Every Wednesday Senate is in session,"8:45 AM, EST",309 Hart Senate Bldg,"104 Hart Senate Office Building, Washington, DC 20002"
Rick Nolan,Democrat,Minnesota,MN-08,Town Hall,"Tue, Feb 21, 2017","2:30 PM, CST",Tower City Hall,"602 Main St, Tower, MN 55790"
Rick Nolan,Democrat,Minnesota,MN-08,Town Hall,"Tue, Feb 21, 2017","11:30 AM, CST",Pine City Senior Center - Senior Dining,"670 Main St S, Pine City, MN 55063"
Rick Nolan,Democrat,Minnesota,MN-08,Town Hall,"Tue, Feb 21, 2017","2:00 PM, CST",Pine City Courthouse,"635 Northridge Dr NW, Pine City, MN 55063"
Rick Nolan,Democrat,Minnesota,MN-08,Office Hours,"Wed, Feb 22, 2017","11:00 AM, CST",Ogilvie Senior Dining,"102 S Hill Ave, Ogilvie, MN 56358"
Rick Nolan,Democrat,Minnesota,MN-08,Office Hours,"Wed, Feb 22, 2017","1:00 PM, CST",Ogilvie City Hall,"102 S Hill Ave, Ogilvie, MN 56358"
Rick Nolan,Democrat,Minnesota,MN-08,Office Hours,"Thu, Feb 23, 2017","1:00 PM, CST",Taylors Falls City Hall,"637 1st St, Taylors Falls, MN 55084"
Rick Nolan,Democrat,Minnesota,MN-08,Office Hours,"Thu, Feb 23, 2017","2:30 PM, CST",Shafer City Hall,"17656 303rd Ln, Shafer, MN 55074"
Rick Nolan,Democrat,Minnesota,MN-08,Office Hours,"Thu, Feb 23, 2017","4:00 PM, CST",Chisago Lakes Library,"11754 302nd St, Chisago City, MN 55013"
Rick Nolan,Democrat,Minnesota,MN-08,Office Hours,"Thu, Feb 23, 2017","6:00 PM, CST",Wyoming Library,"26855 Forest Blvd, Wyoming, MN 55092"
Erik Paulsen,Republican,Minnesota,MN-03,Empty Chair Town Hall,"Thu, Feb 23, 2017","7:00 PM, CST",Mount Olivet Lutheran Church,"12235 Old Rockford Rd, Minneapolis, MN 55441"
Roger Wicker,Republican,Mississippi,Senate,Coffee,Every Tuesday,"8:30 AM, EST",TBD,Mississippi
Deb Fischer,Republican,Nebraska,Senate,Office Hours,"Wed, Mar 1, 2017","3:00 PM, CST",Pilger Library,"120 N Main St, Pilger, NE 68768"
Deb Fischer,Republican,Nebraska,Senate,Office Hours,"Wed, Mar 1, 2017","1:00 PM, CST",Schuyler City Offices,"1103 B St, Schuyler, NE 68661"
Deb Fischer,Republican,Nebraska,Senate,Office Hours,"Wed, Mar 1, 2017","10:00 AM, CST",Keene Memorial Library,"1030 N Broad St, Fremont, NE 68025"
Jacky Rosen,Democrat,Nevada,NV-03,Other,"Wed, Mar 22, 2017","4:30 PM, MST",Congresswoman Rosen's Las Vegas Office,"8872 S Eastern Ave, Las Vegas, NV 89123"
Ruben J. Kihuen,Democrat,Nevada,NV-04,Other,"Fri, Feb 24, 2017","5:30 PM, PST",,"2250 N Las Vegas Blvd #500, North Las Vegas, NV 89030"
Rep Ruben Kihuen,Democrat,Nevada,NV-04,Ticketed Event,"Fri, Feb 24, 2017","5:30 PM, PST","Kihuen District Office, suite 500","2250 N Las Vegas Blvd, North Las Vegas, NV 89030"
Dean Heller,Republican,Nevada,Senate,Empty Chair Town Hall,"Wed, Feb 22, 2017","11:00 AM, PST",Gold Dust West,"2171 E William St, Carson City, NV 89701"
Rep Carol Shea-Porter,Democrat,New Hampshire,NH-01,Other,"Mon, Feb 20, 2017","3:00 PM, EST",N. Main St.,"N Main St, Concord, NH 03301"
Leonard Lance,Republican,New Jersey,NJ-7,Town Hall,"Wed, Feb 22, 2017","7:00 PM, EST","Raritan Valley Community College, Edward Nash Theater","118 Lamington Rd, Branchburg, NJ 08876"
Leonard Lance,Republican,New Jersey,NJ-07,Town Hall,"Wed, Feb 22, 2017","7:00 PM, EST",Raritan Valley Community College in Branchburg,"118 Lamington Rd, Branchburg, NJ 08876"
Tom MacArthur,Republican,New Jersey,NJ-03,Empty Chair Town Hall,"Wed, Feb 22, 2017","7:00 PM, EST",Frances S. DeMasi Middle School,"199 Evesboro Medford Rd, Marlton, NJ 08053"
Donald Norcross,Democratic,New Jersey,NJ-1,Town Hall,"Thu, Feb 23, 2017","6:30 PM, EST",Oaklyn Municipal Bldg - Court Room,"500 White Horse Pike, Oaklyn, NJ 08107"
Tom MacArthur,Republican,New Jersey,NJ-3,Tele-Town Hall,"Thu, Feb 23, 2017","7:00 PM, EST",,New Jersey
Rep Donald Norcross,Democrat,New Jersey,NJ-01,Town Hall,"Thu, Feb 23, 2017","6:30 PM, EST",Oaklyn Municipal Building (Court Room),"500 White Horse Pike, Oaklyn, NJ 08107"
Leonard Lance,Republican,New Jersey,NJ-07,Town Hall,"Sat, Feb 25, 2017","9:00 AM, EST",Raritan Valley Community College in Branchburg,"118 Lamington Rd, Branchburg, NJ 08876"
Donald Norcross,Democratic,New Jersey,NJ-1,Town Hall,"Mon, Mar 6, 2017","6:30 PM, EST",Bellmawr Ballroom,"29 Lewis Ave, Bellmawr, NJ 08031"
Rep Donald Norcross,Democrat,New Jersey,NJ-01,Town Hall,"Mon, Mar 6, 2017","6:30 PM, EST",Bellmawr Ballroom,"29 Lewis Ave, Bellmawr, NJ 08031"
Tom MacArthur,Republican,New Jersey,NJ-03,Other,"Fri, Mar 31, 2017","11:00 AM, EST","Ocean Community College Main Campus, Gateway Building Lecture Hall","1 College Dr, Toms River, NJ 08753"
Chris Smith,Republican,New Jersey,NH-04,Empty Chair Town Hall,"Wed, Feb 22, 2017","6:00 PM, EST",Monmouth County Library,"25 Symmes Dr, Manalapan Township, NJ 07726"
Ben Ray Luj‡n,Democratic,New Mexico,NM-03,Town Hall,"Sat, Feb 25, 2017","10:00 AM, MST",Boys and Girls Club of Sante Fe,"6600 Valentine Way, Santa Fe, NM 87507"
Ben Ray Lujan,Democrat,New Mexico,NM-03,Town Hall,"Sat, Feb 25, 2017","10:00 AM, MST",Boys and Girls Club of Santa Fe,"6600 Valentine Way, Santa Fe, NM 87507"
Yvette Clarke,Democratic,New York,NY-9,Town Hall,"Wed, Feb 22, 2017","6:30 PM, EST",Union Temple,"17 Eastern Pkwy, Brooklyn, NY 11238"
Brian Higgins,Democrat,New York,NY-26,Other,"Wed, Feb 22, 2017","10:30 AM, EST",Schiller Park Senior Center,"2057 Genesee St, Buffalo, NY 14211"
Brian Higgins,Democrat,New York,NY-26,Other,"Fri, Feb 24, 2017","10:30 AM, EST",North Buffalo Community Center,"203 Sanders Rd, Buffalo, NY 14216"
Sean Patrick Maloney,Democratic,New York,NY-18,Town Hall,"Sun, Feb 26, 2017","2:00 PM, EST",Springfield Baptist Church,"8 Church St, Beacon, NY 12508"
Carolyn Maloney,Democratic,New York,NY-12,Town Hall,"Thu, Mar 30, 2017","7:30 PM, EST",All Souls Church,"1157 Lexington Ave, New York, NY 10075"
Nydia Velazquez,Democrat,New York,NY-07,Other,"Thu, Feb 23, 2017","7:00 PM, EST",All Saints Episcopal Church,"85-45 96th St, Woodhaven, NY 11421"
Yvette D. Clarke,Democrat,New York,Ny-09,Town Hall,"Wed, Feb 22, 2017","6:30 PM, EST",Union Temple,
G.K. Butterfield,Democrat,North Carolina,NC-01,Other,"Sat, Feb 25, 2017","1:00 PM, EST",Hillside High School Auditorium,"3727 Fayetteville St, Durham, NC 27707"
David Rouzer,Republican,North Carolina,NC-07,Office Hours,"Wed, Mar 1, 2017","9:00 AM, EST",Kenansville Agricultural Center,"165 Agriculture Dr a, Kenansville, NC 28349"
David Rouzer,Republican,North Carolina,NC-07,Office Hours,"Wed, Mar 1, 2017","1:00 PM, EST",Clinton Town Hall,"221 Lisbon St, Clinton, NC 28328"
Richard Pittenger,Republican,North Carolina,NC-9,Office Hours,First and third Tuesday of each month,"1:30 PM, EST",Elizabethtown Town Hall,"805 W Broad St, Elizabethtown, NC 28337"
"Richard Burr, Thom Tillis",Republican,North Carolina,Senate,Empty Chair Town Hall,"Wed, Feb 22, 2017","6:00 PM, EST",Herbert Young Community Center,"101 Wilkinson Ave, Cary, NC 27513"
Kevin Cramer,Republican,North Dakota,ND-At Large,Town Hall,"Thu, Feb 23, 2017","1:00 PM, CST",Beans Coffee Bar,"5675 26th Ave S, Fargo, ND 58104"
Kevin Cramer,Republican,North Dakota,ND-At-Large,Mobile Office Hours,"Wed, Mar 1, 2017","11:00 AM, CST",Northwood Community Center,"6 N Raymond St, Northwood, ND 58267"
Kevin Cramer,Republican,North Dakota,ND-At-Large,Mobile Office Hours,"Wed, Mar 1, 2017","1:00 PM, CST",Larimore Edna Ralston Library,
Rob Portman,Republican,Ohio,Senate,Ticketed Event,"Wed, Feb 22, 2017","6:00 PM, EST",Terra State Community College,"2830 Napoleon Rd, Fremont, OH 43420"
Pat Tiberi,Republican,Ohio,OH-12,Empty Chair Town Hall,"Wed, Feb 22, 2017","7:00 PM, EST",First Unitarian Universalist,"93 W Weisheimer Rd, Columbus, OH 43214"
Steve Chabot,Republican,Ohio,OH-1,Ticketed Event,"Thu, Feb 23, 2017","7:30 AM, EST",VFW Harrison,"9160 Lawrenceburg Rd, Harrison, OH 45030"
Marcia Fudge,Democratic,Ohio,OH-11,Town Hall,"Sat, Feb 25, 2017","10:00 AM, EST",Corporate College East Auditorium,"4400 Richmond Rd, Warrensville Heights, OH 44128"
Rob Portman,Republican,Ohio,Senate,DC Event,"Wed, Mar 1, 2017","9:00 AM, EST",Washington DC Office,"448 Russell Senate Office Building, Washington, DC 20510"
Sherrod Brown,Democratic,Ohio,Senate,Coffee,Every Thursday,"8:30 AM, EST",Capitol Visitor Center,"East Capitol St NE & First St SE, Washington, DC 20004"
Rob Portman,Republican,Ohio,Senate,Coffee,Every Wednesday,", EST",Call for info,Ohio
Joyce Beatty,Democrat,Ohio,OH-03,Town Hall,"Tue, Feb 21, 2017","9:30 AM, EST",The Clocktower,"4500 Eastland Dr, Columbus, OH 43232"
Rob Portman,Republican,Ohio,Senate,Empty Chair Town Hall,"Thu, Feb 23, 2017","6:30 PM, EST",St. James AME Church,"8401 Cedar Ave, Cleveland, OH 44103"
Frank Lucas,Republican,Oklahoma,OK-03,Town Hall,"Fri, Feb 24, 2017","10:00 AM, CST",Events at 10 West Main,"10 W Main St, Yukon, OK 73099"
Frank Lucas,Republican,Oklahoma,OK-03,Town Hall,"Thurs, Feb 23, 2017","10:30 AM, CST",Oklahoma Territorial Musuem,"406 E Oklahoma Ave, Guthrie, OK 73044"
Frank Lucas,Republican,Oklahoma,OK-03,Town Hall,"Wed, Feb 22, 2017","3:30 PM, CST",Rt. 66 Interpretive Center,"400 Rte 66, Chandler, OK 74834"
Frank Lucas,Republican,Oklahoma,OK-03,Town Hall,"Wed, Feb 22, 2017","1:30 PM, CST",Collins Building - 2nd Floor Ballroom,"317 E Lee Ave, Sapulpa, OK 74066"
Ron Wyden,Democratic,Oregon,Senate,Town Hall,"Wed, Feb 22, 2017","10:00 AM, PST",Madras Performing Arts Center,"412 SE Buff St, Madras, OR 97741"
Kurt Schrader,Democratic,Oregon,OR-05,Town Hall,"Wed, Feb 22, 2017","6:00 PM, PST",North Salem High School,"765 14th St NE, Salem, OR 97301"
Ron Wyden,Democratic,Oregon,Senate,Town Hall,"Thu, Feb 23, 2017","9:45 AM, PST",Ashland High School Gym,"201 S Mountain Ave, Ashland, OR 97520"
Ron Wyden,Democratic,Oregon,Senate,Town Hall,"Fri, Feb 24, 2017","11:30 AM, PST",Astoria High School auditorium,"1001 W Marine Dr, Astoria, OR 97103"
Ron Wyden,Democratic,Oregon,Senate,Town Hall,"Sat, Feb 25, 2017","12:00 PM, PST",David Douglas High School,"1001 SE 135th Ave, Portland, OR 97233"
Peter DeFazio,Democratic,Oregon,OR-04,Town Hall,"Sat, Feb 25, 2017","11:00 AM, PST",John G Shedd Institute for the Arts,"868 High St, Eugene, OR 97401"
Peter DeFazio,Democratic,Oregon,OR-04,Town Hall,"Sat, Feb 25, 2017","2:30 PM, PST",LaSells Stewart Center,"875 SW 26th St, Corvallis, OR 97331"
Suzanne Bonamici,Democrat,Oregon,OR-01,Town Hall,"Fri, Mar 3, 2017","6:00 PM, PST",,Oregon
Suzanne Bonamici,Democrat,Oregon,OR-01,Town Hall,"Mon, Mar 13, 2017","6:30 PM, PST",TBD,
Kurt Schrader,Democrat,Oregon,OR-05,Town Hall,"Tue, Feb 21, 2017","6:00 AM, PST",Alder Creek Middle School Auditorium,"13801 SE Webster Rd, Milwaukie, OR 97222"
Kurt Schrader,Democrat,Oregon,OR-05,Town Hall,"Wed, Feb 22, 2017","6:00 AM, PST",North Salem High School Gym,"765 14th St NE, Salem, OR 97301"
Ryan Costello,Republican,Pennsylvania,PA-6,Tele-Town Hall,"Wed, Feb 22, 2017","2:00 PM, EST",Call-in,Pennsylvania
Ryan Costello,Republican,Pennsylvania,PA-06,Teletown Hall,"Wed, Feb 22, 2017","2:00 PM, EST",,Pennsylvania
Lou Barletta,Republican,Pennsylvania,PA-11,Other,"Wed, Feb 22, 2017","5:00 PM, EST",Shippensburg University,"1871 Old Main Dr, Shippensburg, PA 17257"
Ryan Costello,Republican,Pennsylvania,PA-6,Tele-Town Hall,"Thu, Feb 23, 2017","7:00 PM, EST",Call-in,Pennsylvania
Ryan Costello,Republican,Pennsylvania,PA-06,Teletown Hall,"Thu, Feb 23, 2017","7:00 PM, EST",,Pennsylvania
Mike Kelly,Republican,Pennsylvania,PA-03,Tele-Town Hall,"Mon, Feb 27, 2017","7:15 PM, EST",Call-in,Pennsylvania
Mike Kelly,Republican,Pennsylvania,PA-03,Teletown Hall,"Mon, Feb 27, 2017","7:15 AM, EST",877-228-2184; ID #19013,Pennsylvania
"Bob Casey, Jr.",Democratic,Pennsylvania,Senate,Coffee,"Thu, Mar 9, 2017","8:30 AM, EST","Room 385, Russell Senate Office Building","2 Constitution Ave NE, Washington, DC 20002"
"Bob Casey, Jr.",Democratic,Pennsylvania,Senate,Coffee,"Thu, Apr 6, 2017","8:30 AM, EST","Room 385, Russell Senate Office Building","2 Constitution Ave NE, Washington, DC 20002"
Mike Kelly,Republican,Pennsylvania,PA-03,Teletown Hall,"Mon, Feb 27, 2017","7:15 AM, EST",NA,Pennsylvania
Scott Perry,Republican,Pennsylvania,PA-04,Office Hours,"Mon, Feb 20, 2017","9:00 AM, EST",Longworth House Office Building,"Longworth House Office Building, 9 Independence Ave SE, Washington, DC 20515"
Scott Perry,Republican,Pennsylvania,PA-04,Office Hours,"Mon, Feb 20, 2017","9:00 AM, EST",Adams County District Office,"22 Chambersburg St, Gettysburg, PA 17325"
Scott Perry,Republican,Pennsylvania,PA-04,Office Hours,"Mon, Feb 20, 2017","9:00 AM, EST",Cumberland/Dauphin Counties District Office,"730 N Front St, Wormleysburg, PA 17043"
Scott Perry,Republican,Pennsylvania,PA-04,Office Hours,"Mon, Feb 20, 2017","9:00 AM, EST",York County District Office,"2209 E Market St, East York, PA 17402"
Glenn Thompson,Republican,Pennsylvania,PA-05,Office Hours,"Mon, Feb 20, 2017","9:00 AM, EST",Cannon HOB,"124 Cannon Hob, Washington, DC 20515"
Glenn Thompson,Republican,Pennsylvania,PA-05,Office Hours,"Mon, Feb 20, 2017","9:00 AM, EST",Bellefonte Office,"3555 Benner Pike #101, Bellefonte, PA 16823"
Glenn Thompson,Republican,Pennsylvania,PA-05,Office Hours,"Mon, Feb 20, 2017","9:00 AM, EST",Titusville Office,"127 W Spring St c, Titusville, PA 16354"
Ryan Costello,Republican,Pennsylvania,PA-06,Office Hours,"Mon, Feb 20, 2017","9:00 AM, EST",Cannon HOB,"Cannon House Office Building, 27 Independence Ave SE, Washington, DC 20003"
Ryan Costello,Republican,Pennsylvania,PA-6,Office Hours,"Mon, Feb 20, 2017","9:00 AM, EST",West Chester Office,"21 Market St #105, West Chester, PA 19380"
Ryan Costello,Republican,Pennsylvania,,Office Hours,"Mon, Feb 20, 2017","9:00 AM, EST",Wyomissing Office,"840 N Park Rd, Wyomissing, PA 19610"
Patrick Meehan,Republican,Pennsylvania,PA-07,Office Hours,"Mon, Feb 20, 2017","9:00 AM, EST",Rayburn HOB,"2305 Rayburn Hob, Washington, DC 20515"
Patrick Meehan,Republican,Pennsylvania,PA-07,Office Hours,"Mon, Feb 20, 2017","9:00 AM, EST",Springfield Office,"940 W Sproul Rd, Springfield, PA 19064"
Patrick Meehan,Republican,Pennsylvania,PA-07,Office Hours,"Mon, Feb 20, 2017","9:00 AM, EST",Amity Office Hours,"2004 Weavertown Rd, Douglassville, PA 19518"
Patrick Meehan,Republican,Pennsylvania,PA-07,Office Hours,"Mon, Feb 20, 2017","9:00 AM, EST",Paradise Office,"2 Township Dr, Paradise, PA 17562"
Patrick Meehan,Republican,Pennsylvania,PA-07,Office Hours,"Mon, Feb 20, 2017","9:00 AM, EST",Whitpain Office,"960 Wentz Rd, Blue Bell, PA 19422"
Patrick Meehan,Republican,Pennsylvania,PA-07,Office Hours,"Mon, Feb 20, 2017","9:00 AM, EST",Honey Brook Office,"500 Suplee Rd, Honey Brook, PA 19344"
Brian Fitzpatrick,Republican,Pennsylvania,PA-08,Office Hours,"Mon, Feb 20, 2017","9:00 AM, EST",Cannon HOB,"Cannon House Office Building, 27 Independence Ave SE, Washington, DC 20003"
Brian Fitzpatrick,Republican,Pennsylvania,PA-08,Office Hours,"Mon, Feb 20, 2017","9:00 AM, EST",Langhorne Office,"1717 Newtown-Langhorne Rd #400, Langhorne, PA 19047"
Brian Shuster,Republican,Pennsylvania,PA-09,Office Hours,"Mon, Feb 20, 2017","9:00 AM, EST",Rayburn HOB,"Rayburn House Office Building, Washington, DC 20515"
Brian Shuster,Republican,Pennsylvania,PA-09,Office Hours,"Mon, Feb 20, 2017","9:00 AM, EST",Hollidaysburg Office,"310-16 Penn St #200, Hollidaysburg, PA 16648"
Brian Shuster,Republican,Pennsylvania,PA-09,Office Hours,"Mon, Feb 20, 2017","9:00 AM, EST",Chambersburg Office,"100 Lincoln Hwy b, Chambersburg, PA 17201"
Bill Shuster,Republican,Pennsylvania,,Office Hours,"Mon, Feb 20, 2017","9:00 AM, EST",Indiana Office,"827 Water St #3, Indiana, PA 15701"
Tom Marino,Republican,Pennsylvania,PA-10,Office Hours,"Mon, Feb 20, 2017","9:00 AM, EST",Rayburn HOB,"Rayburn House Office Building, Washington, DC 20515"
Tom Marino,Republican,Pennsylvania,PA-10,Office Hours,"Mon, Feb 20, 2017","9:00 AM, EST",Hamlin Office,"543 Easton Turnpike #101, Lake Ariel, PA 18436"
Tom Marino,Republican,Pennsylvania,PA-10,Office Hours,"Mon, Feb 20, 2017","9:00 AM, EST",Selinsgrove Office,"713 Bridge St, Selinsgrove, PA 17870"
Tom Marino,Republican,Pennsylvania,PA-10,Office Hours,"Mon, Feb 20, 2017","9:00 AM, EST",Williamsport Office,"1020 Commerce Park Dr #1a, Williamsport, PA 17701"
Lou Barletta,Republican,Pennsylvania,PA-11,Office Hours,"Mon, Feb 20, 2017","9:00 AM, EST",Rayburn HOB,"Rayburn House Office Building, Washington, DC 20515"
Lou Barletta,Republican,Pennsylvania,PA-11,Office Hours,"Mon, Feb 20, 2017","9:00 AM, EST",Carlisle Office,"126 N Hanover St, Carlisle, PA 17013"
Lou Barletta,Republican,Pennsylvania,PA-11,Office Hours,"Mon, Feb 20, 2017","9:00 AM, EST",Harrisburg Office,"4813 Jonestown Rd #101, Harrisburg, PA 17109"
Lou Barletta,Republican,Pennsylvania,PA-11,Office Hours,"Mon, Feb 20, 2017","9:00 AM, EST",Hazleton Office,"1 S Church St #100, Hazleton, PA 18201"
Lou Barletta,Republican,Pennsylvania,PA-11,Office Hours,"Mon, Feb 20, 2017","9:00 AM, EST",Sunbury Office,"106 Arch St, Sunbury, PA 17801"
Jim Langevin,Democrat,Rhode Island,RI-02,Office Hours,"Sat, Mar 11, 2017","12:00 PM, EST",Cowesett Inn,"226 Cowesett Ave, West Warwick, RI 02893"
Tom Rice,Republican,South Carolina,SC-07,Office Hours,"Wed, Feb 22, 2017","12:00 PM, EST",County Complex Building,"1301 2nd Ave, Conway, SC 29526"
Tom Rice,Republican,South Carolina,SC-07,Town Hall,"Thu, Feb 23, 2017","6:00 PM, EST",Florence Public Library,"509 S Dargan St, Florence, SC 29506"
Tom Rice,Republican,South Carolina,SC-07,Office Hours,"Tue, Feb 28, 2017","10:00 AM, EST",Johnsonville City Hall,"111 W Broadway St, Johnsonville, SC 29555"
Tom Rice,Republican,South Carolina,SC-07,Office Hours,"Tue, Feb 28, 2017","2:00 PM, EST",Pamplico Public Library,"100 E Main St, Scranton, SC 29591"
Joe Wilson,Republican,South Carolina,SC-02,Office Hours,"Wed, Mar 1, 2017","6:00 PM, EST",by phone,"2339 Broad St, Camden, SC 29020"
Tom Rice,Republican,South Carolina,SC-07,Office Hours,"Wed, Mar 1, 2017","10:00 AM, EST",Coward City Hall - Court Room,"3720 US-52, Coward, SC 29530"
Tom Rice,Republican,South Carolina,SC-07,Office Hours,"Wed, Mar 1, 2017","2:00 PM, EST",Timmonsville Library - Meeting Room,"298 W Smith St, Timmonsville, SC 29161"
Tom Rice,Republican,South Carolina,SC-07,Office Hours,"Thu, Mar 2, 2017","10:00 AM, EST","Hartsville City Hall, City Councile Chamber","100 E Carolina Ave, Hartsville, SC 29550"
Tom Rice,Republican,South Carolina,SC-07,Office Hours,"Thu, Mar 2, 2017","2:00 PM, EST",Darlington City Municipal Court Building - Old City Hall Council Chamber,"400 Pearl St, Darlington, SC 29532"
Mark Sanford,Republican,South Carolina,SC-01,Town Hall,"Fri, Mar 3, 2017","2:00 PM, EST","Technical College of the Lowcountry, MacLean Hall, Bldg 12 in the Student Center","921 Ribaut Rd, Beaufort, SC 29902"
Mark Sanford,Republican,South Carolina,SC-01,Town Hall,"Sat, Mar 4, 2017","2:00 PM, EST",Technical College of the Lowcountry - MacLean Hall Bldg 12,"921 Ribaut Rd, Beaufort, SC 29902"
Tom Rice,Republican,South Carolina,SC-07,Office Hours,"Wed, Mar 8, 2017","12:00 PM, EST",Waccamaw Regional Council of Governments Office,"1230 Highmarket St, Georgetown, SC 29440"
Tom Price,Republican,South Carolina,SC-07,Coffee,"Thu, Feb 23, 2017","6:00 PM, EST",Florence County Library,"509 S Dargan St, Florence, SC 29506"
John Thune,Republican,South Dakota,Senate,Coffee,Every Wednesday,", EST",TBD,South Dakota
Steve Cohen,Democrat,Tennessee,TN-09,Other,"Fri, Feb 24, 2017","11:00 AM, CST",Whitehaven Branch Library,"4120 Millbranch Rd, Memphis, TN 38116"
Jim Cooper,Democratic,Tennessee,TN-05,Other,"Fri, Mar 3, 2017","4:00 PM, CST",Nashville Office,"605 Church St, Nashville, TN 37219"
Mark Veasey,Democrat,Texas,TX-33,Office Hours,"Thu, Feb 23, 2017","1:00 PM, CST",Arcadia Park Library,"1302 N Justin Ave, Dallas, TX 75211"
Beto O'Rourke,Democrat,Texas,TX-16,Town Hall,"Fri, Feb 24, 2017","12:00 PM, EST",El Paso Public Library Main Branch,"501 N Oregon St, El Paso, TX 79901"
John Culberson,Republican,Texas,TX-07,Teletown Hall,"Wed, Mar 1, 2017","6:00 PM, CST",Phone number to be received after sign up,Texas
Will Hurd,Republican,Texas,TX-23,Office Hours,"Thu, Mar 30, 2017","10:00 AM, CST",Fort Stockton Public Library,"500 N Water St, Fort Stockton, TX 79735"
Will Hurd,Republican,Texas,TX-23,Office Hours,"Thu, Mar 30, 2017","2:00 PM, CST",Terrell County Library,"109 W Hackberry St, Sanderson, TX 79848"
Will Hurd,Republican,Texas,TX-23,Office Hours,"Fri, Mar 31, 2017","10:00 AM, CST","Sul Ross State University, Bryan Wildenthal Memorial Library","400 N Harrison St, Alpine, TX 79830"
Will Hurd,Republican,Texas,TX-23,Office Hours,"Fri, Mar 31, 2017","1:30 PM, CST",Jeff Davis County Library,"100 Memorial Square, Fort Davis, Texas 79734, 100 Jefferson Square, Fort Davis, TX 79734, United States"
Will Hurd,Republican,Texas,TX-23,Office Hours,"Tue, Apr 4, 2017","9:00 AM, CST",Hondo Public Library,"1011 19th St, Hondo, TX 78861"
Will Hurd,Republican,Texas,TX-23,Office Hours,"Tue, Apr 4, 2017","12:00 PM, CST",El Progreso Memorial Library,"301 W Main St, Uvalde, TX 78801"
Will Hurd,Republican,Texas,TX-23,Office Hours,"Tue, Apr 4, 2017","3:00 PM, CST",Kinney County Public Library,"510 S Ellen St, Brackettville, TX 78832"
Will Hurd,Republican,Texas,TX-23,Office Hours,"Wed, Apr 5, 2017","10:00 AM, CST",Vida y Salud Community Health Clinic,"308 Cesar Chavez, Crystal City, TX 78839"
Will Hurd,Republican,Texas,TX-23,Office Hours,"Wed, Apr 5, 2017","1:30 PM, CST",The Benavides Center (Temporary public library location),"1951 Taft St, Eagle Pass, TX 78852"
Will Hurd,Republican,Texas,TX-23,Office Hours,"Thu, Apr 6, 2017","9:00 AM, CST",Dimmit County Public Library,"200 N 9th St, Carrizo Springs, TX 78834"
Will Hurd,Republican,Texas,TX-23,Office Hours,"Thu, Apr 6, 2017","11:00 AM, CST",Presidio Public Library,"E O'Reilly St, Presidio, TX 79845"
Will Hurd,Republican,Texas,TX-23,Office Hours,"Thu, Apr 6, 2017","12:00 PM, CST",El Vaquero Cafe,"155 I-35BL, Cotulla, TX 78014"
Will Hurd,Republican,Texas,TX-23,Office Hours,"Thu, Apr 6, 2017","2:30 PM, CST",Marfa Library,"115 E Oak St, Marfa, TX 79843"
Will Hurd,Republican,Texas,TX-23,Office Hours,"Thu, Apr 6, 2017","3:00 PM, CST",Pearsall Public Library,"200 E Trinity St, Pearsall, TX 78061"
Will Hurd,Republican,Texas,TX-23,Office Hours,"Fri, Apr 7, 2017","11:00 AM, CST",Schleicher County Public Library,"201 SW Main St, Eldorado, TX 76936"
John Cornyn,Republican,Texas,Senate,Coffee,Every Thursday,"9:30 AM, EST",Senator Cornyn's D.C. Office,"Hart Senate Office Building, Washington, DC 20002"
Ted Cruz,Republican,Texas,Senate,Coffee,Every Tuesday,"9:30 AM, EST",TBD,Texas
Kay Granger,Republican,Texas,TX-12,Tele-town Hall,,", CST",Phone,Texas
Randy Weber,Republican,Texas,TX-14,Tele-town Hall,,", CST",Phone,Texas
Bill Flores,Republican,Texas,TX-17,Empty Chair Town Hall,"Wed, Feb 22, 2017","7:30 PM, CST",Blackhawk Amenity Center,"3111 Speidel Dr, Pflugerville, TX 78660"
Mark Veasey,Democrat,Texas,TX-33,Town Hall,"Tue, Feb 28, 2017","1:00 PM, CST",Forest Hill Library,"6962 Forest Hill Dr, Forest Hill, TX 76140"
Mark Veasey,Democrat,Texas,TX-33,Town Hall,"Thu, Mar 2, 2017","1:00 PM, CST",Cockrell Hill Library,"4125 W Clarendon Dr, Dallas, TX 75211"
Jerry Moran,Republican,Texas,Senate,Empty Chair Town Hall,"Tue, Feb 21, 2017","5:00 PM, CST",Alford Public Library,"3447 S Meridian Ave, Wichita, KS 67217"
"Ted Cruz, John Cornyn",Republican,Texas,Senate,Empty Chair Town Hall,2/20/17,"6:00 PM, CST",Spider House Back Patio,"2906 Fruth St, Austin, TX 78705"
Mike Lee,Republican,Utah,Senate,Teletown Hall,"Wed, Feb 22, 2017","8:00 PM, EST",,Utah
Chris Stewart,Republican,Utah,UT-02,Teletown Hall,"Wed, Mar 1, 2017","7:00 PM, MST",https://vekeo.com/repchrisstewart/,Utah
Bernie Sanders,Independent,Vermont,Senate,Other,"Fri, Feb 24, 2017","7:00 PM, CST",Downtown Topeka Ramada,"420 SE 6th Ave, Topeka, KS 66607"
Barbara Comstock,Republican,Virginia,VA-10,Teletown Hall,"Tue, Feb 21, 2017","7:30 PM, EST",,Virginia
Scott Taylor,Republican,Virginia,VA-2,Town Hall,"Mon, Feb 20, 2017","7:00 PM, EST",Kempsville High School,"5194 Chief Trail, Virginia Beach, VA 23464"
Scott Taylor,Republican,Virginia,VA-2,Town Hall,"Wed, Feb 22, 2017","6:30 PM, EST",Eastern Shore Community College,"29300 Lankford Hwy, Melfa, VA 23410"
Bob Goodlatte,Republican,Virginia,VA-6,Office Hours,"Wed, Feb 22, 2017","10:00 AM, EST",Samuels Public Library,"330 E Criser Rd, Front Royal, VA 22630"
Scott Taylor,Republican,Virginia,VA-02,Town Hall,"Wed, Feb 22, 2017","6:30 PM, EST",Eastern Shore Community College,"29300 Lankford Hwy, Melfa, VA 23410"
Bob Goodlatte,Republican,Virginia,VA-6,Office Hours,"Tue, Feb 28, 2017","8:30 AM, EST","Town Hall, Town Conference Room","311 S Pollard St, Vinton, VA 24179"
Bob Goodlatte,Republican,Virginia,VA-6,Office Hours,"Wed, Mar 1, 2017","10:00 AM, EST",Samuels Public Library,"330 E Criser Rd, Front Royal, VA 22630"
Bob Goodlatte,Republican,Virginia,VA-6,Office Hours,"Thu, Mar 2, 2017","11:30 AM, EST",Elkton Area Community Center,"20593 Blue and Gold Dr, Elkton, VA 22827"
Bob Goodlatte,Republican,Virginia,VA-6,Office Hours,"Mon, Mar 6, 2017","9:00 AM, EST",Luray Town Hall,"45 E Main St, Luray, VA 22835"
Bob Goodlatte,Republican,Virginia,VA-6,Office Hours,"Tue, Mar 7, 2017","9:00 AM, EST","Amherst Co. Administration Building, Board of Supervisor's Room","153 Washington St, Amherst, VA 24521"
Bob Goodlatte,Republican,Virginia,VA-6,Office Hours,"Tue, Mar 7, 2017","11:30 AM, EST",Municipal Building,"201 Green St, Bridgewater, VA 22812"
Bob Goodlatte,Republican,Virginia,VA-6,Office Hours,"Tue, Mar 7, 2017","11:00 AM, EST",Goodwill,"River James Shopping Center, 174 River James Dr, Madison Heights, VA 24572"
Bob Goodlatte,Republican,Virginia,VA-6,Office Hours,"Wed, Mar 8, 2017","10:00 AM, EST",Samuels Public Library,"330 E Criser Rd, Front Royal, VA 22630"
Bob Goodlatte,Republican,Virginia,VA-6,Office Hours,"Thu, Mar 9, 2017","9:00 AM, EST","Town Hall, Council Chambers","116 Broadway Ave, Broadway, VA 22815"
Bob Goodlatte,Republican,Virginia,VA-6,Office Hours,"Thu, Mar 9, 2017","2:30 PM, EST",Highland County Library,"Water St, Monterey, VA 24465"
Bob Goodlatte,Republican,Virginia,VA-6,Office Hours,"Thu, Mar 9, 2017","11:30 AM, EST",Town Council Chambers,"5901 Main St, Mt Jackson, VA 22842"
Bob Goodlatte,Republican,Virginia,VA-6,Office Hours,"Thu, Mar 9, 2017","11:30 AM, EST","Bath Co. Courthouse, Second Floor","65 Courthouse Hill Rd, Warm Springs, VA 24484"
Don Beyer,Democrat,Virginia,VA-08,Town Hall,"Mon, Mar 13, 2017","7:00 PM, EST",Bethlehem Baptist Church,"7836 Fordson Rd, Alexandria, VA 22306"
Bob Goodlatte,Republican,Virginia,VA-6,Office Hours,"Tue, Mar 14, 2017","10:30 AM, EST",Town Hall,"19753 Main St, Buchanan, VA 24066"
Bob Goodlatte,Republican,Virginia,VA-6,Office Hours,"Tue, Mar 14, 2017","9:00 AM, EST","Botetourt Co. Courthouse, Second Floor Conference Room","1 E Main St, Fincastle, VA 24090"
Bob Goodlatte,Republican,Virginia,VA-6,Office Hours,"Wed, Mar 15, 2017","10:00 AM, EST",Samuels Public Library,"330 E Criser Rd, Front Royal, VA 22630"
Bob Goodlatte,Republican,Virginia,VA-6,Office Hours,"Thu, Mar 16, 2017","11:00 AM, EST","City Hall, Circuit Courtroom","2039 Sycamore Ave, Buena Vista, VA 24416"
Bob Goodlatte,Republican,Virginia,VA-6,Office Hours,"Thu, Mar 16, 2017","9:00 AM, EST","Rockbridge Co. Administration Building, Second Floor","150 S Main St, Lexington, VA 24450"
Bob Goodlatte,Republican,Virginia,VA-6,Office Hours,"Thu, Mar 16, 2017","9:30 AM, EST","Town Hall, Town Council Chambers","135 N Main St, Woodstock, VA 22664"
Bob Goodlatte,Republican,Virginia,VA-6,Office Hours,"Mon, Mar 20, 2017","9:00 AM, EST",Luray Town Hall,"45 E Main St, Luray, VA 22835"
Bob Goodlatte,Republican,Virginia,VA-6,Office Hours,"Tue, Mar 21, 2017","10:00 AM, EST",Forest Public Library,"15583 Forest Rd, Forest, VA 24551"
Bob Goodlatte,Republican,Virginia,VA-6,Office Hours,"Tue, Mar 21, 2017","9:30 AM, EST",Town Hall,"601 Dogwood Ave, Grottoes, VA 24441"
Bob Goodlatte,Republican,Virginia,VA-6,Office Hours,"Tue, Mar 21, 2017","11:30 AM, EST","Public Library, First Floor Conference Room","600 S Wayne Ave, Waynesboro, VA 22980"
Bob Goodlatte,Republican,Virginia,VA-6,Office Hours,"Wed, Mar 22, 2017","10:00 AM, EST",Samuels Public Library,"330 E Criser Rd, Front Royal, VA 22630"
Bob Goodlatte,Republican,Virginia,VA-6,Office Hours,"Tue, Mar 28, 2017","8:30 AM, EST","Town Hall, Town Conference Room","311 S Pollard St, Vinton, VA 24179"
Bob Goodlatte,Republican,Virginia,VA-6,Office Hours,"Wed, Mar 29, 2017","10:00 AM, EST",Samuels Public Library,"330 E Criser Rd, Front Royal, VA 22630"
Bob Goodlatte,Republican,Virginia,VA-6,Office Hours,"Sat, Apr 1, 2017","11:30 AM, EST",Municipal Building,"201 Green St, Bridgewater, VA 22812"
Bob Goodlatte,Republican,Virginia,VA-6,Office Hours,"Mon, Apr 3, 2017","9:00 AM, EST","Amherst Co. Administration Building, Board of Supervisor's Room","153 Washington St, Amherst, VA 24521"
Bob Goodlatte,Republican,Virginia,VA-6,Office Hours,"Mon, Apr 3, 2017","9:00 AM, EST",Luray Town Hall,"45 E Main St, Luray, VA 22835"
Bob Goodlatte,Republican,Virginia,VA-6,Office Hours,"Wed, Apr 5, 2017","10:00 AM, EST",Samuels Public Library,"330 E Criser Rd, Front Royal, VA 22630"
Bob Goodlatte,Republican,Virginia,VA-6,Office Hours,"Thu, Apr 6, 2017","11:30 AM, EST",Elkton Area Community Center,"20593 Blue and Gold Dr, Elkton, VA 22827"
Bob Goodlatte,Republican,Virginia,VA-6,Office Hours,"Mon, Apr 10, 2017","9:00 AM, EST","Botetourt Co. Courthouse, Second Floor Conference Room","1 E Main St, Fincastle, VA 24090"
Bob Goodlatte,Republican,Virginia,VA-6,Office Hours,"Mon, Apr 10, 2017","11:00 AM, EST",Goodwill,"River James Shopping Center, 174 River James Dr, Madison Heights, VA 24572"
Bob Goodlatte,Republican,Virginia,VA-6,Office Hours,"Tue, Apr 11, 2017","10:30 AM, EST",Town Hall,"19753 Main St, Buchanan, VA 24066"
Bob Goodlatte,Republican,Virginia,VA-6,Office Hours,"Wed, Apr 12, 2017","10:00 AM, EST",Samuels Public Library,"330 E Criser Rd, Front Royal, VA 22630"
Bob Goodlatte,Republican,Virginia,VA-6,Office Hours,"Thu, Apr 13, 2017","9:00 AM, EST","Town Hall, Council Chambers","116 Broadway Ave, Broadway, VA 22815"
Bob Goodlatte,Republican,Virginia,VA-6,Office Hours,"Thu, Apr 13, 2017","2:30 PM, EST",Highland County Library,"Water St, Monterey, VA 24465"
Bob Goodlatte,Republican,Virginia,VA-6,Office Hours,"Thu, Apr 13, 2017","11:30 AM, EST",Town Council Chambers,"5901 Main St, Mt Jackson, VA 22842"
Bob Goodlatte,Republican,Virginia,VA-6,Office Hours,"Thu, Apr 13, 2017","11:30 AM, EST","Bath Co. Courthouse, Second Floor","65 Courthouse Hill Rd, Warm Springs, VA 24484"
Bob Goodlatte,Republican,Virginia,VA-6,Office Hours,"Fri, Apr 14, 2017","9:30 AM, EST",Town Hall,"601 Dogwood Ave, Grottoes, VA 24441"
Bob Goodlatte,Republican,Virginia,VA-6,Office Hours,"Mon, Apr 17, 2017","9:00 AM, EST",Luray Town Hall,"45 E Main St, Luray, VA 22835"
Bob Goodlatte,Republican,Virginia,VA-6,Office Hours,"Tue, Apr 18, 2017","10:00 AM, EST",Forest Public Library,"15583 Forest Rd, Forest, VA 24551"
Bob Goodlatte,Republican,Virginia,VA-6,Office Hours,"Tue, Apr 18, 2017","11:30 AM, EST","Public Library, First Floor Conference Room","600 S Wayne Ave, Waynesboro, VA 22980"
Bob Goodlatte,Republican,Virginia,VA-6,Office Hours,"Wed, Apr 19, 2017","10:00 AM, EST",Samuels Public Library,"330 E Criser Rd, Front Royal, VA 22630"
Bob Goodlatte,Republican,Virginia,VA-6,Office Hours,"Thu, Apr 20, 2017","11:00 AM, EST","City Hall, Circuit Courtroom","2039 Sycamore Ave, Buena Vista, VA 24416"
Bob Goodlatte,Republican,Virginia,VA-6,Office Hours,"Thu, Apr 20, 2017","9:00 AM, EST","Rockbridge Co. Administration Building, Second Floor","150 S Main St, Lexington, VA 24450"
Bob Goodlatte,Republican,Virginia,VA-6,Office Hours,"Thu, Apr 20, 2017","9:30 AM, EST","Town Hall, Town Council Chambers","135 N Main St, Woodstock, VA 22664"
Bob Goodlatte,Republican,Virginia,VA-6,Office Hours,"Tue, Apr 25, 2017","8:30 AM, EST","Town Hall, Town Conference Room","311 S Pollard St, Vinton, VA 24179"
Bob Goodlatte,Republican,Virginia,VA-6,Office Hours,"Tue, May 2, 2017","11:30 AM, EST",Municipal Building,"201 Green St, Bridgewater, VA 22812"
Don Beyer,Democrat,Virginia,VA-08,Teletown Hall,"Wed, Mar 1, 2017","5:45 PM, EST",N/A,Virginia
Derek Kilmer,Democratic,Washington,WA-06,Town Hall,"Tue, Feb 21, 2017","5:30 PM, PST",Lincoln High School auditorium,"701 S 37th St, Tacoma, WA 98418"
Derek Kilmer,Democratic,Washington,WA-06,Town Hall,"Wed, Feb 22, 2017","5:30 PM, PST",Admiral Theatre,"515 Pacific Ave, Bremerton, WA 98337"
Dave Reichert,Republican,Washington,WA-08,Tele-town Hall,"Thu, Feb 23, 2017","1:00 PM, PST",Facebook Live,Washington
Dave Reichert,Republican,Washington,WA-08,Other,"Thu, Feb 23, 2017","1:00 PM, PST",N/A,Washington
Patty Murray,Democrat,Washington,Senate,DC Event,"Thu, Mar 2, 2017","8:30 AM, EST",Russell Senate Office Building,"224 First St NE #154, Washington, DC 20003"
Derek Kilmer,Democratic,Washington,WA-06,Town Hall,"Fri, Mar 3, 2017","5:30 PM, PST",7th St Theater,"313 7th St, Hoquiam, WA 98550"
Adam Smith,Democratic,Washington,WA-09,Town Hall,"Sat, Mar 4, 2017","10:00 AM, PST",Rainier Arts Center,"3515 S Alaska St, Seattle, WA 98118"
Adam Smith,Democrat,Washington,WA-09,Town Hall,"Sat, Mar 4, 2017","10:00 AM, PST",The Rainier Arts Center,"3515 S Alaska St, Seattle, WA 98118"
Derek Kilmer,Democratic,Washington,WA-06,Town Hall,"Mon, Mar 6, 2017","5:30 PM, PST",Sequim High School auditorium,"503 N Sequim Ave, Sequim, WA 98382"
Derek Kilmer,Democratic,Washington,WA-06,Tele-Town Hall,"Wed, Mar 8, 2017","6:05 PM, PST",Call-in,Washington
Patty Murray,Democrat,Washington,Senate,DC Event,"Thu, Mar 9, 2017","8:30 AM, EST",Russell Senate Office Building,"224 First St NE #154, Washington, DC 20003"
Patty Murray,Democrat,Washington,Senate,DC Event,"Thu, Mar 23, 2017","8:30 AM, EST",Russell Senate Office Building,"Washington Hall, 241 Jamestown Rd #154, Williamsburg, VA 23185"
Patty Murray,Democrat,Washington,Senate,DC Event,"Thu, Mar 30, 2017","8:30 AM, EST",Russell Senate Office Building,"Washington Hall, 241 Jamestown Rd #154, Williamsburg, VA 23185"
Patty Murray,Democrat,Washington,Senate,DC Event,"Thu, Apr 6, 2017","8:30 AM, EST",Russell Senate Office Building,"Washington Hall, 241 Jamestown Rd #154, Williamsburg, VA 23185"
Patty Murray,Democrat,Washington,Senate,DC Event,"Thu, Apr 27, 2017","8:30 AM, EST",Russell Senate Office Building,"Washington Hall, 241 Jamestown Rd #541, Williamsburg, VA 23185"
Patty Murray,Democrat,Washington,Senate,DC Event,"Thu, May 4, 2017","8:30 AM, EST",Russell Senate Office Building,"Washington Hall, 241 Jamestown Rd #541, Williamsburg, VA 23185"
Patty Murray,Democrat,Washington,Senate,DC Event,"Thu, May 11, 2017","8:30 AM, EST","Russell Senate Office Building, Room 541","224 First St NE, Washington, DC 20003"
Patty Murray,Democrat,Washington,Senate,DC Event,"Thu, May 18, 2017","8:30 AM, EST","Russell Senate Office Building, Room 541","224 First St NE, Washington, DC 20003"
Patty Murray,Democrat,Washington,Senate,DC Event,"Thu, May 25, 2017","8:30 AM, EST","Russell Senate Office Building, Room 541","224 First St NE, Washington, DC 20003"
Patty Murray,Democrat,Washington,Senate,DC Event,"Thu, Jun 8, 2017","8:30 AM, EST","Russell Senate Office Building, Room 541","224 First St NE, Washington, DC 20003"
Patty Murray,Democrat,Washington,Senate,DC Event,"Thu, Jun 15, 2017","8:30 AM, EST","Russell Senate Office Building, Room 541","224 First St NE, Washington, DC 20003"
Patty Murray,Democrat,Washington,Senate,DC Event,"Thu, Jun 22, 2017","8:30 AM, EST","Russell Senate Office Building, Room 541","224 First St NE, Washington, DC 20003"
Patty Murray,Democrat,Washington,Senate,DC Event,"Thu, Jun 29, 2017","8:30 AM, EST","Russell Senate Office Building, Room 541","224 First St NE, Washington, DC 20003"
Patty Murray,Democrat,Washington,Senate,DC Event,"Thu, Jul 13, 2017","8:30 AM, EST","Russell Senate Office Building, Room 541","224 First St NE, Washington, DC 20003"
Patty Murray,Democrat,Washington,Senate,DC Event,"Thu, Jul 20, 2017","8:30 AM, EST","Russell Senate Office Building, Room 541","224 First St NE, Washington, DC 20003"
Patty Murray,Democrat,Washington,Senate,DC Event,"Thu, Jul 27, 2017","8:30 AM, EST","Russell Senate Office Building, Room 541","224 First St NE, Washington, DC 20003"
Patty Murray,Democrat,Washington,Senate,DC Event,"Thu, Sep 7, 2017","8:30 AM, EST","Russell Senate Office Building, Room 541","224 First St NE, Washington, DC 20003"
Patty Murray,Democrat,Washington,Senate,DC Event,"Thu, Sep 14, 2017","8:30 AM, EST","Russell Senate Office Building, Room 541","224 First St NE, Washington, DC 20003"
Patty Murray,Democrat,Washington,Senate,DC Event,"Thu, Sep 28, 2017","8:30 AM, EST","Russell Senate Office Building, Room 541","224 First St NE, Washington, DC 20003"
Patty Murray,Democrat,Washington,Senate,DC Event,"Thu, Oct 5, 2017","8:30 AM, EST","Russell Senate Office Building, Room 541","224 First St NE, Washington, DC 20003"
Patty Murray,Democrat,Washington,Senate,DC Event,"Thu, Oct 19, 2017","8:30 AM, EST","Russell Senate Office Building, Room 541","224 First St NE, Washington, DC 20003"
Patty Murray,Democrat,Washington,Senate,DC Event,"Thu, Oct 26, 2017","8:30 AM, EST","Russell Senate Office Building, Room 541","224 First St NE, Washington, DC 20003"
Patty Murray,Democrat,Washington,Senate,DC Event,"Thu, Nov 2, 2017","8:30 AM, EST","Russell Senate Office Building, Room 541","224 First St NE, Washington, DC 20003"
Patty Murray,Democrat,Washington,Senate,DC Event,"Thu, Nov 16, 2017","8:30 AM, EST","Russell Senate Office Building, Room 541","224 First St NE, Washington, DC 20003"
Patty Murray,Democrat,Washington,Senate,DC Event,"Thu, Nov 30, 2017","8:30 AM, EST","Russell Senate Office Building, Room 541","224 First St NE, Washington, DC 20003"
Patty Murray,Democrat,Washington,Senate,DC Event,"Thu, Dec 7, 2017","8:30 AM, EST","Russell Senate Office Building, Room 541","224 First St NE, Washington, DC 20003"
Patty Murray,Democrat,Washington,Senate,DC Event,"Thu, Dec 14, 2017","8:30 AM, EST","Russell Senate Office Building, Room 541","224 First St NE, Washington, DC 20003"
Patty Murray,Democratic,Washington,Senate,Coffee,Every Thursday Senate is in session.,"9:00 AM, EST","Russell Senate Office Bldg, Room 154",Washington
Maria Cantwell,Democratic,Washington,Senate,Coffee,Every Wed Senate is in session.,"11:30 AM, EST",Cantwell Senate office,"Hart Senate Office Building, #511, Washington, DC 20002"
Shelley Moore Capito,Republican,West Virginia,Senate,Mobile Office Hours,"Fri, Feb 24, 2017","1:30 PM, EST",Logan City Hall,"219 Dingess St, Logan, WV 25601"
Shelley Moore Capito,Republican,West Virginia,Senate,Mobile Office Hours,"Tue, Feb 21, 2017","3:00 AM, EST",Boone County Courthouse,"200 State St, Madison, WV 25130"
Shelley Moore Capito,Republican,West Virginia,Senate,Mobile Office Hours,"Tue, Feb 21, 2017","2:30 PM, EST",Gilbert Town Hall,"51 Wharncliffe Ave, Gilbert, WV 25621"
Shelley Moore Capito,Republican,West Virginia,Senate,Mobile Office Hours,"Tue, Feb 21, 2017","11:15 AM, EST",North Fork Senior Center,"Mountaineer Dr, Riverton, WV 26814"
Shelley Moore Capito,Republican,West Virginia,Senate,Mobile Office Hours,"Tue, Feb 21, 2017","12:00 PM, EST",New Cumberland Municipal Building,"104 N Court St, New Cumberland, WV 26047"
Shelley Moore Capito,Republican,West Virginia,Senate,Mobile Office Hours,"Wed, Feb 22, 2017","11:30 AM, EST",Moorefield Senior Center,"409 Spring Ave, Moorefield, WV 26836"
shelley moore capito,Republican,West Virginia,Senate,Mobile Office Hours,"Wed, Feb 22, 2017","12:00 PM, EST",Taylor County Courthouse,"214 W Main St, Grafton, WV 26354"
shelley moore capito,Republican,West Virginia,Senate,Mobile Office Hours,"Thu, Feb 23, 2017","11:00 AM, EST",Saint Marys City Building,"418 2nd St, St Marys, WV 26170"
Shelley Moore Capito,Republican,West Virginia,Senate,Mobile Office Hours,"Thu, Feb 23, 2017","11:30 AM, EST",Milton Public Library,"1140 Smith St, Milton, WV 25541"
Shelley Moore Capito,Republican,West Virginia,Senate,Mobile Office Hours,"Thu, Feb 23, 2017","11:30 AM, EST",Frankfort District Senior Center,"10 Summit Dr, Ridgeley, WV 26753"
Shelley Moore Capito,Republican,West Virginia,Senate,Mobile Office Hours,"Fri, Feb 24, 2017","11:00 AM, EST",Fayetteville Town Hall,"125 N Court St, Fayetteville, WV 25840"
Shelley Moore Capito,Republican,West Virginia,Senate,Mobile Office Hours,"Mon, Feb 27, 2017","11:00 AM, EST",Wood County Courthouse,"Court Square, Parkersburg, WV 26101"
Shelley Moore Capito,Republican,West Virginia,Senate,Mobile Office Hours,"Tue, Feb 28, 2017","11:00 AM, EST",Upshur County Senior Center,"28 N Kanawha St, Buckhannon, WV 26201"
Shelley Moore Capito,Republican,West Virginia,Senate,Mobile Office Hours,"Tue, Feb 28, 2017","11:30 AM, EST",Berkeley Springs Senior Center,"106 Sand Mine Rd, Berkeley Springs, WV 25411"
Shelley Moore Capito,Republican,West Virginia,Senate,Mobile Office Hours,"Tue, Feb 28, 2017","12:00 PM, EST",Follansbee Public Library,"844 Main St, Follansbee, WV 26037"
Shelley Moore Captio,Republican,West Virginia,Senate,Mobile Office Hours,"Tue, Feb 28, 2017","1:30 PM, EST",Buffalo Branch Library,"19209 Buffalo Rd, Buffalo, WV 25033"
Shelley Moore Capito,Republican,West Virginia,Senate,Mobile Office Hours,"Tue, Feb 28, 2017","3:45 PM, EST",Roane County Library,"110 Parking Plaza, Spencer, WV 25276"
Ron Johnson,Republican,Wisconsin,Senate,"""Empty Chair"" Town Hall","Wed, Feb 22, 2017","6:00 PM, CST",First Congregational United Church of Christ,"1609 University Ave, Madison, WI 53726"
Ron Kind,Democratic,Wisconsin,WI-03,Town Hall,"Wed, Feb 22, 2017","3:00 PM, CST",American Legion,"711 6th St S, La Crosse, WI 54601"
Ron Kind,Democratic,Wisconsin,WI-03,Town Hall,"Wed, Feb 22, 2017","1:15 PM, CST","The U - Student Union at UW-La Crosse: Student Senate Chamber, Room #2310","521 East Avenue N, La Crosse, WI 54601"
Ron Kind,Democrat,Wisconsin,WI-03,Town Hall,"Wed, Feb 22, 2017","1:15 PM, CST",Student Union at UW-La Crosse - Room #2310,"521 East Avenue N, La Crosse, WI 54601"
Ron Johnson,Republican,Wisconsin,Senate,Teletown Hall,"Thu, Feb 23, 2017","6:30 PM, CST",,Wisconsin
Jim Sensenbrenner,Republican,Wisconsin,WI-05,Town Hall,"Fri, Mar 3, 2017","8:30 AM, CST",Butler Village Hall,"12621 W Hampton Ave, Butler, WI 53007"
Jim Sensenbrenner,Republican,Wisconsin,WI-05,Town Hall,"Fri, Mar 3, 2017","9:30 AM, CST",Lannon Village Hall,"20399 W Main St, Lannon, WI 53046"
Jim Sensenbrenner,Republican,Wisconsin,WI-05,Town Hall,"Fri, Mar 3, 2017","10:15 AM, CST",Sussex Civc Center,"N64W23760 Main St, Sussex, WI 53089"
Jim Sensenbrenner,Republican,Wisconsin,WI-05,Town Hall,"Fri, Mar 3, 2017","11:15 AM, CST",Merton Village Hall,"N67w28343 Sussex Rd, Hartland, WI 53029"
Jim Sensenbrenner,Republican,Wisconsin,WI-05,Town Hall,"Fri, Mar 3, 2017","1:15 PM, CST",Nashotah Village Hall,"Nashotah Village Clerk's Office, N44W32950 Watertown Plank Rd, Nashotah, WI 53058"
Jim Sensenbrenner,Republican,Wisconsin,WI-05,Town Hall,"Fri, Mar 3, 2017","8:30 AM, CST",Butler Village Hall,"12621 W Hampton Ave, Butler, WI 53007"
Jim Sensenbrenner,Republican,Wisconsin,WI-05,Town Hall,"Fri, Mar 3, 2017","8:30 AM, CST",Butler Village Hall,"12621 W Hampton Ave, Butler, WI 53007"
Jim Sensenbrenner,Republican,Wisconsin,WI-05,Town Hall,"Fri, Mar 3, 2017","9:30 AM, CST",Lannon Village Hall,"20399 W Main St, Lannon, WI 53046"
Jim Sensenbrenner,Republican,Wisconsin,WI-05,Town Hall,"Fri, Mar 3, 2017","10:15 AM, CST",Sussex Civic Center,"N64W23760 Main St, Sussex, WI 53089"
Jim Sensenbrenner,Republican,Wisconsin,WI-05,Town Hall,"Fri, Mar 3, 2017","11:15 AM, CST",Merton Village Hall,"N67w28343 Sussex Rd, Hartland, WI 53029"
Jim Sensenbrenner,Republican,Wisconsin,WI-05,Town Hall,"Fri, Mar 3, 2017","1:15 PM, CST",Nashotah Village Hall,"Nashotah Village Clerk's Office, N44W32950 Watertown Plank Rd, Nashotah, WI 53058"
Jim Sensenbrenner,Republican,Wisconsin,WI-05,Town Hall,"Sat, Mar 4, 2017","9:00 AM, CST",Delafield City Hall,"500 Genesee Street, Delafield, WI 53018"
Jim Sensenbrenner,Republican,Wisconsin,WI-05,Town Hall,"Sat, Mar 4, 2017","1:00 PM, CST",Lake Mills Community Center,"200 Water St, Lake Mills, WI 53551"
Jim Sensenbrenner,Republican,Wisconsin,WI-05,Town Hall,"Sun, Mar 5, 2017","1:00 PM, CST",Juneau Community Center,"500 Lincoln Dr, Juneau, WI 53039"
Jim Sensenbrenner,Republican,Wisconsin,WI-05,Town Hall,"Sat, Mar 18, 2017","9:00 AM, CST",West Bend City Hall,"1115 S Main St, West Bend, WI 53095"
Jim Sensenbrenner,Republican,Wisconsin,WI-05,Town Hall,"Sat, Mar 18, 2017","9:00 AM, CST",West Bend City Hall,"1115 S Main St, West Bend, WI 53095"
Jim Sensenbrenner,Republican,Wisconsin,WI-05,Town Hall,"Sat, Mar 18, 2017","1:00 PM, CST",West Allis Public Library,"7421 W National Ave, West Allis, WI 53214"
Jim Sensenbrenner,Republican,Wisconsin,WI-05,Town Hall,"Sun, Mar 19, 2017","1:00 PM, CST",Richfield Village Hall,"4125 Hubertus Rd, Hubertus, WI 53033"
Jim Sensenbrenner,Republican,Wisconsin,WI-05,Town Hall,"Sat, Mar 18, 2017","9:00 AM, CST",West Bend City Hall,"1115 S Main St, West Bend, WI 53095"
Mike Enzi,Republican,Wyoming,Senate,Mobile Office Hours,"Tue, Mar 14, 2017","3:30 PM, MST",Sundance Town Hall,"213 E Main St, Sundance, WY 82729"
Mike Enzi,Republican,Wyoming,Senate,Mobile Office Hours,"Tue, Mar 14, 2017","3:30 PM, MST",Sundance Town Hall,"213 E Main St, Sundance, WY 82729"
Mike Enzi,Republican,Wyoming,Senate,Mobile Office Hours,"Tue, Mar 14, 2017","3:30 PM, MST",Sundance Town Hall,"213 E Main St, Sundance, WY 82729"
Michael Enzi,Republican,Wyoming,Senate,Office Hours,"Tue, Mar 14, 2017","3:30 PM, MST",Sundance Town Hall,"213 E Main St, Sundance, WY 82729"
Michael Enzi,Republican,Wyoming,Senate,Office Hours,"Tue, Mar 14, 2017","11:00 AM, MST",Pine Haven Town Hall,"24 Waters Dr, Pine Haven, WY 82721"
Michael Enzi,Republican,Wyoming,Senate,Office Hours,"Tue, Mar 14, 2017","10:00 AM, MST",Moorcroft Town Hall,"104 N Big Horn Ave, Moorcroft, WY 82721"